-- phpMyAdmin SQL Dump
-- version 4.0.10deb1
-- http://www.phpmyadmin.net
--
-- Хост: localhost
-- Время создания: Дек 18 2016 г., 17:18
-- Версия сервера: 5.5.53-0ubuntu0.14.04.1
-- Версия PHP: 5.6.23-1+deprecated+dontuse+deb.sury.org~trusty+1

SET SQL_MODE = "NO_AUTO_VALUE_ON_ZERO";
SET time_zone = "+00:00";


/*!40101 SET @OLD_CHARACTER_SET_CLIENT=@@CHARACTER_SET_CLIENT */;
/*!40101 SET @OLD_CHARACTER_SET_RESULTS=@@CHARACTER_SET_RESULTS */;
/*!40101 SET @OLD_COLLATION_CONNECTION=@@COLLATION_CONNECTION */;
/*!40101 SET NAMES utf8 */;

--
-- База данных: `crm`
--

-- --------------------------------------------------------

--
-- Структура таблицы `cards`
--

CREATE TABLE IF NOT EXISTS `cards` (
  `id` int(255) NOT NULL AUTO_INCREMENT,
  `name` tinytext NOT NULL,
  `trello_id` tinytext NOT NULL,
  `trello_list_id` tinytext NOT NULL,
  `list_id` int(11) NOT NULL,
  `created_date` date NOT NULL,
  `position` int(255) NOT NULL DEFAULT '0',
  `member` varchar(255) DEFAULT NULL,
  UNIQUE KEY `id_3` (`id`)
) ENGINE=InnoDB  DEFAULT CHARSET=utf8 AUTO_INCREMENT=61 ;

--
-- Дамп данных таблицы `cards`
--

INSERT INTO `cards` (`id`, `name`, `trello_id`, `trello_list_id`, `list_id`, `created_date`, `position`, `member`) VALUES
(2, 'что нибудь еще', '57527b918640290e326222e3', '5748020f4cbbdf740a5c8438', 172, '0000-00-00', 0, ''),
(3, 'новая задача', '5752bc37ac8be3e332076f65', '57480215303bdac28d13ffad', 173, '0000-00-00', 6, NULL),
(4, 'сделайте мне вот это', '5752bd26044b328b8372d15e', '57480215303bdac28d13ffad', 174, '0000-00-00', 1, NULL),
(5, 'чтото', '5752bd4cb574bd15843fd06b', '57480215303bdac28d13ffad', 173, '0000-00-00', 3, ''),
(6, 'жлжлжл', '5752bd58e87935662448ac26', '57480215303bdac28d13ffad', 173, '0000-00-00', 5, ''),
(7, '  Создаю задачу для выполнения   ', '5752c2ed5849a54e842cc49d', '57480215303bdac28d13ffad', 174, '0000-00-00', 3, ''),
(8, 'ХУякс', '57540c020a94516132af9539', '5748021809b207840c356c1d', 174, '0000-00-00', 0, ''),
(9, 'Делай делай делай', '57540c1117e1592d8578002a', '5748021809b207840c356c1d', 173, '0000-00-00', 1, NULL),
(10, 'Тест twig', '57540cf7ae637da87415b9e9', '5748021809b207840c356c1d', 173, '0000-00-00', 4, NULL),
(11, 'Еще раз', '57540d409e8ec57df8dbaee4', '5748021809b207840c356c1d', 174, '0000-00-00', 2, ''),
(12, 'Я хочу быстрее', '57540e0015e622c79039f35d', '5748021809b207840c356c1d', 173, '0000-00-00', 2, NULL),
(14, 'замер', '575410384c38ab5aa81846c6', '5748021809b207840c356c1d', 174, '0000-00-00', 4, ''),
(15, 'еще замер', '575410773efe5116f8ddb083', '5748021809b207840c356c1d', 174, '0000-00-00', 5, ''),
(16, 'еще один замер', '575410a556073c56a813e759', '5748021809b207840c356c1d', 174, '0000-00-00', 6, ''),
(21, 'Чек  rek', '575951790b83f28df7289517', '575819cf71cfab5e28a5e06e', 180, '0000-00-00', 5, ''),
(23, 'Проверить задачу', '575be85dbca405055246e30b', '575819c35addf865aa92065f', 180, '0000-00-00', 4, NULL),
(24, '                      ПРоверка времени                                 ', '575d4ea1e13bfffde3e7162e', '575793d8bb0a6849b88253e9', 179, '2016-06-12', 4, ''),
(25, 'ПРоверка даты', '575d4f1c7762ff2a4bd79284', '575819c8e04f097efde6e756', 180, '2016-06-12', 1, ''),
(26, '                ПРоверка даты Еще раз                        ', '575d4f6b04e61070404232f2', '575819cf71cfab5e28a5e06e', 179, '2016-06-12', 3, ''),
(27, '              ПРоверка даты Еще раз ds                     ', '575d4fcb3b859da10a20a432', '575819cf71cfab5e28a5e06e', 179, '2016-06-12', 0, ''),
(28, '                          ПРоверка даты Еще раз ds                                       ', '575d4fe3d1c22796b551196f', '575819cf71cfab5e28a5e06e', 179, '2016-06-12', 6, ''),
(30, '  Создание задачи \n                                       ', '576dee8e4abb6e437fdcdf00', '575819c8e04f097efde6e756', 180, '2016-06-25', 7, ''),
(33, '  авыа   ', '', '', 179, '2016-06-25', 2, ''),
(34, 'Вебтолк', '', '', 181, '2016-06-25', 0, '2'),
(35, 'Другое', '', '', 179, '2016-06-25', 5, ''),
(37, '  Еще задача   ', '', '', 180, '2016-06-25', 6, ''),
(38, '      Добавлять проекты         ', '', '', 185, '2016-06-26', 1, ''),
(39, 'Журнал проекта (лог действий)', '', '', 184, '2016-06-26', 4, ''),
(40, 'Комментарии к задаче', '', '', 184, '2016-06-26', 3, ''),
(41, 'Чеклист задачи', '', '', 182, '2016-06-26', 0, ''),
(42, 'Пользователи', '', '', 185, '2016-06-26', 0, NULL),
(43, 'Авторизация\\Регистрация', '', '', 182, '2016-06-26', 3, ''),
(44, '  Архив задач по датам   ', '', '', 182, '2016-06-26', 6, ''),
(45, 'Журнал (лог) привязать к задачам', '', '', 184, '2016-06-26', 5, ''),
(46, 'Уведомления на почту', '', '', 182, '2016-06-26', 4, ''),
(47, 'Баллы задач ', '', '', 182, '2016-06-26', 5, ''),
(48, 'Приоритет задач', '', '', 182, '2016-06-26', 7, ''),
(49, 'Мобильная версия', '', '', 182, '2016-06-26', 8, ''),
(50, 'Архив проектов', '', '', 182, '2016-06-26', 1, ''),
(51, 'Глобальный Backlog проекта', '', '', 182, '2016-06-26', 2, ''),
(52, 'Прикреплять файлы к задачам', '', '', 184, '2016-06-26', 1, ''),
(53, 'Крутая задача', '', '', 180, '2016-06-29', 3, NULL),
(54, 'Pflfxf', '', '', 180, '2016-06-29', 2, ''),
(55, 'asdasa', '', '', 178, '2016-07-01', 1, ''),
(56, 'Ответственный за задачей', '', '', 184, '2016-07-16', 0, NULL),
(57, 'Заказчик может ставить задачи', '', '', 184, '2016-07-16', 2, NULL),
(58, 'Еженедельные отчеты', '', '', 183, '2016-07-16', 2, ''),
(59, 'Уведомления на почту, о выполненной задаче', '', '', 183, '2016-07-16', 3, ''),
(60, 'Заказчик ставит задачу', '', '', 179, '2016-07-20', 1, NULL);

-- --------------------------------------------------------

--
-- Структура таблицы `comments`
--

CREATE TABLE IF NOT EXISTS `comments` (
  `id` int(13) NOT NULL AUTO_INCREMENT,
  `message` text NOT NULL,
  `author` int(10) NOT NULL,
  `card_id` int(20) NOT NULL,
  `date` datetime NOT NULL,
  UNIQUE KEY `id` (`id`),
  KEY `Index_1` (`id`)
) ENGINE=InnoDB  DEFAULT CHARSET=utf8 AUTO_INCREMENT=17 ;

--
-- Дамп данных таблицы `comments`
--

INSERT INTO `comments` (`id`, `message`, `author`, `card_id`, `date`) VALUES
(1, 'Робот', 1, 24, '2016-07-10 22:47:46'),
(2, 'Робот', 1, 24, '2016-07-10 22:48:23'),
(3, 'Робот', 1, 24, '2016-07-10 22:48:55'),
(4, 'Робот', 1, 24, '2016-07-10 22:49:05'),
(5, 'Робот', 1, 24, '2016-07-10 22:49:08'),
(6, 'Ололо', 1, 23, '2016-07-13 21:23:56'),
(7, 'Че ты сказал ?', 1, 23, '2016-07-13 21:24:04'),
(8, 'Джон уик', 1, 34, '2016-07-13 21:53:03'),
(9, 'Еще один комментарий', 1, 34, '2016-07-13 21:53:30'),
(10, 'Ты что то сказал ?', 1, 34, '2016-07-13 22:06:55'),
(11, 'ПРоверка комментария', 1, 34, '2016-07-13 22:10:53'),
(12, 'Что это за слово ?', 1, 34, '2016-07-13 22:11:53'),
(13, 'О чем ты вообще ?', 1, 34, '2016-07-13 22:12:01'),
(14, 'Мой комментарий', 1, 47, '2016-07-16 18:31:27'),
(15, 'Еще один комментарий', 1, 47, '2016-07-16 18:32:16'),
(16, 'а так же при клике по рубрике в рубрикаторе слева нужно что то сделать, либо чтоб вверх поднималось окно, либо ещё что, а то сейчас кликнув снизу, например по рубрике "номера для новобрачных" создаётся ощущение, что ничего не происходит и рубрикатор не работает, так как в поле зрения не попадает кнопка перехода в рубрику.', 1, 47, '2016-07-16 18:34:19');

-- --------------------------------------------------------

--
-- Структура таблицы `companies`
--

CREATE TABLE IF NOT EXISTS `companies` (
  `id` int(10) NOT NULL AUTO_INCREMENT,
  `name` varchar(255) NOT NULL,
  `adress` varchar(255) NOT NULL,
  `description` text NOT NULL,
  UNIQUE KEY `unique_id` (`id`)
) ENGINE=InnoDB  DEFAULT CHARSET=utf8 AUTO_INCREMENT=6 ;

--
-- Дамп данных таблицы `companies`
--

INSERT INTO `companies` (`id`, `name`, `adress`, `description`) VALUES
(1, 'Вебтолк', 'г. Абакан, ул. Кравченко, д. 11Л-К1.', 'Вебстудия.\r\n\r\nЗанимается разработкой сайтов и всякими интернетными делами.'),
(2, 'ООО "Джилайф"', 'без адреса', 'Скидки. Дисконтные карты'),
(3, 'Благотворительный фонд "Здоровая Хакасия"', 'г. Абакан, ул. Карачакова, д.11', 'Лечат наркоманов и зависимых.  '),
(4, '"Уютный дом" единая служба сбыта', 'Абакан, ул. Складская, 11С ', ''),
(5, 'Тестим', 'нет', '');

-- --------------------------------------------------------

--
-- Структура таблицы `deals`
--

CREATE TABLE IF NOT EXISTS `deals` (
  `id` int(255) NOT NULL AUTO_INCREMENT,
  `name` varchar(255) NOT NULL,
  `budget` int(255) NOT NULL,
  `date` datetime NOT NULL,
  `company_id` int(11) NOT NULL,
  `description` text,
  `created_at` timestamp NOT NULL DEFAULT CURRENT_TIMESTAMP ON UPDATE CURRENT_TIMESTAMP,
  `updated_at` timestamp NOT NULL DEFAULT '0000-00-00 00:00:00',
  UNIQUE KEY `unique_id` (`id`)
) ENGINE=InnoDB  DEFAULT CHARSET=utf8 AUTO_INCREMENT=4 ;

-- --------------------------------------------------------

--
-- Структура таблицы `file`
--

CREATE TABLE IF NOT EXISTS `file` (
  `id` int(255) NOT NULL AUTO_INCREMENT,
  `name` varchar(255) NOT NULL,
  `card_id` int(255) NOT NULL,
  `project_id` int(255) NOT NULL,
  `path` varchar(255) NOT NULL,
  `size` decimal(10,0) NOT NULL,
  `date` datetime NOT NULL,
  PRIMARY KEY (`id`)
) ENGINE=InnoDB  DEFAULT CHARSET=utf8 AUTO_INCREMENT=21 ;

--
-- Дамп данных таблицы `file`
--

INSERT INTO `file` (`id`, `name`, `card_id`, `project_id`, `path`, `size`, `date`) VALUES
(1, 'IMG_4119.gif', 5, 2, '/files/2/IMG_4119.gif', 199, '2016-07-04 22:48:06'),
(2, 'arrow_half_left-u2300.png', 5, 2, '/files/2/arrow_half_left-u2300.png', 3, '2016-07-05 08:52:09'),
(3, 'arrow_half_left-u2352.png', 5, 2, '/files/2/arrow_half_left-u2352.png', 1, '2016-07-05 08:52:10'),
(4, 'arrow_half_right-u2313.png', 5, 2, '/files/2/arrow_half_right-u2313.png', 3, '2016-07-05 08:52:10'),
(5, 'arrow_half_right-u2349.png', 5, 2, '/files/2/arrow_half_right-u2349.png', 1, '2016-07-05 08:52:10'),
(6, 'arrow_straight_left-u2333.png', 5, 2, '/files/2/arrow_straight_left-u2333.png', 0, '2016-07-05 08:52:10'),
(7, 'arrow_straight_left-u2345.png', 5, 2, '/files/2/arrow_straight_left-u2345.png', 0, '2016-07-05 08:52:10'),
(8, 'arrow_straight_right-u2331.png', 5, 2, '/files/2/arrow_straight_right-u2331.png', 1, '2016-07-05 08:52:10'),
(9, 'arrow_straight_right-u2343.png', 5, 2, '/files/2/arrow_straight_right-u2343.png', 1, '2016-07-05 08:52:10'),
(10, 'font-awesome.css', 5, 2, '/files/2/font-awesome.css', 28, '2016-07-05 08:52:24'),
(11, 'index.css', 5, 2, '/files/2/index.css', 43, '2016-07-06 17:07:33'),
(12, 'font-awesome.css', 5, 2, '/files/2/font-awesome.css', 28, '2016-07-06 17:07:42'),
(13, 'font-awesome.css_1', 5, 2, '/files/2/font-awesome.css_1', 28, '2016-07-06 17:13:12'),
(14, '550639703.gif', 54, 3, '/files/3/550639703.gif', 410, '2016-07-13 21:36:08'),
(15, '2016-06-27_20-29-18.png', 54, 3, '/files/3/2016-06-27_20-29-18.png', 2114, '2016-07-13 21:36:09'),
(16, '550639703_1.gif', 34, 3, '/files/3/550639703_1.gif', 410, '2016-07-13 21:38:18'),
(17, '550639703_1_2.gif', 34, 3, '/files/3/550639703_1_2.gif', 410, '2016-07-13 21:38:26'),
(18, '2016-06-27_20-29-18_1.png', 34, 3, '/files/3/2016-06-27_20-29-18_1.png', 2114, '2016-07-13 21:38:26'),
(19, 'cssing.png', 34, 3, '/files/3/cssing.png', 20, '2016-07-13 21:38:26'),
(20, '550639703_1_2_3.gif', 34, 3, '/files/3/550639703_1_2_3.gif', 410, '2016-07-13 21:38:38');

-- --------------------------------------------------------

--
-- Структура таблицы `leads`
--

CREATE TABLE IF NOT EXISTS `leads` (
  `id` int(255) NOT NULL AUTO_INCREMENT,
  `name` varchar(255) NOT NULL,
  `phone` varchar(255) NOT NULL,
  `mail` varchar(255) NOT NULL,
  `web` varchar(255) NOT NULL,
  `company` varchar(255) NOT NULL,
  `description` text,
  `created_at` timestamp NULL DEFAULT NULL,
  `updated_at` timestamp NULL DEFAULT NULL,
  `tags` text,
  `client` int(1) NOT NULL DEFAULT '0',
  UNIQUE KEY `unique_id` (`id`)
) ENGINE=InnoDB  DEFAULT CHARSET=utf8 AUTO_INCREMENT=47 ;

--
-- Дамп данных таблицы `leads`
--

INSERT INTO `leads` (`id`, `name`, `phone`, `mail`, `web`, `company`, `description`, `created_at`, `updated_at`, `tags`, `client`) VALUES
(2, 'Наталья Прощенко', '89832780607', 'png0607@mail.ru', '', 'Гостиница "Сибирь"', NULL, '2015-09-30 17:15:27', '2015-09-30 17:15:27', '', 0),
(3, 'Марина Бухгалтер', '+79232175127', 'lavrine-marina@yandex.ru', '', '', NULL, '2015-09-30 17:15:27', '2015-09-30 17:15:27', '', 0),
(4, 'Марина', '+79024671686', 'flagman.abakan2020@yandex.ru', '', 'Мебель Флагман', NULL, '2015-09-30 17:15:27', '2015-09-30 17:15:27', '', 0),
(5, 'Анна Сергеевна Савицкая', '397-168', 'fondrh@mail.ru', '', 'Фонд развития Республики Хакасия', NULL, '2015-09-30 17:15:27', '2015-09-30 17:15:27', '', 0),
(6, 'Анастация Цветы', '+79020142907', '', '', '', NULL, '2015-09-30 17:15:27', '2015-09-30 17:15:27', '', 0),
(7, 'Александр Соцопросы', '+79232154958', '', '', '', NULL, '2015-09-30 17:15:27', '2015-09-30 17:15:27', '', 0),
(8, 'Светлана из бухгалтерии', '223536', '', '', 'Карпов и КО', NULL, '2015-09-30 17:15:27', '2015-09-30 17:15:27', '', 0),
(9, 'Олег Бухгалтер', '265513', '', '', '', NULL, '2015-09-30 17:15:27', '2015-09-30 17:15:27', '', 0),
(17, 'Елена цветы', '+7 913 046 1914', 'elena.26.06@mail.ru', '-', '-', 'Женщина без мужа и с двумя детьми. Начинающий предприниматель . Хочет заниматься цветами, но жалеет на это денег.', '2016-11-07 03:18:21', '2016-11-07 03:33:00', '', 0),
(18, 'Дмитрий Автомасла', '8-983-278-55-12', '', '', 'Premium-Oil Abakan', 'Нужно сделать сайт.Специализированый магазин автомасел из Германии\r\n\r\nСпециализированный магазин автомасел\r\nАдрес\r\nг. Абакан, Аскизская, 146 к2\r\n\r\nhttps://2gis.ru/abakan/geo/9711522351680365%2C91.417719%2C53.699196/firm/70000001024590681?queryState=center%2F91.415498%2C53.698542%2Fzoom%2F17\r\n\r\nгруппа вконтакте https://vk.com/premiumoilabakan \r\n\r\nПредлагали акцию в декабре, не захотел даже слушать', '2016-11-07 03:24:17', '2016-11-28 11:30:38', 'вебтолк,архив,отказ', 0),
(19, 'Сергей Косицин транспорт. компания', '+7 913 541 2211', 'Skaby@mail.ru', '', '', 'Мне этот сайт нужен для того, чтобы московские компании, коллеги по работе могли легко и быстро посмотреть тариф в тот или иной район нашего региона, заодно, хочется, чтобы они быстро увидели наши возможности. Для этого нужен сайт, что-то вроде deliin.ru, но гораздо проще, так как на моем сайте не будет ( пока что ) никаких гигантских тарифных сеток, калькуляторов, услуг страхования и т д. \r\nГлавное выделить\r\n1) тариф на доставку по региону\r\n2) возможности компании ( ПРР, терморежим, упаковка и т д )\r\nХочется именно красивую картинку, и, главное мобильную версию. Вопрос, как тарифы из Экселя сделать так, чтобы их можно было легко и красиво посмотреть в мобильной версии? ', '2016-11-07 03:28:37', '2016-11-07 03:28:37', '', 0),
(20, 'Игорь форум', '+7 983 263 3777', '', '', '-', 'Хочет сайт и форум для общения на нем . Не хочет группу в социальных сетях, потому что, будут общаться серьезные дядьки на медицинскую тематику.', '2016-11-07 03:31:26', '2016-11-07 03:31:26', '', 0),
(21, 'Евгения мебель на заказ', '+7 913 542 4448', '20bagira13@mail.ru', '', '', '## Письмо не смотрела\r\n\r\nСказала, что запишет мой номер и как соберется делать сайт = позвонит. Перезвонить ей на декабрь', '2016-11-07 03:34:56', '2016-11-10 06:53:57', '', 0),
(22, 'Максим строитель', '+79293190683', 'yurkiv.200@mail.ru', '', '', 'Хочет строительный сайт.\r\n\r\nВ итоге сайт решил делать сам. Проявил интерес к обучению программированию', '2016-11-07 03:38:51', '2016-11-28 11:32:34', 'вебтолк,архив,отказ', 0),
(23, 'Роман принты', '+7 913 058 0101', '', '', '', 'Парень занимался бутербродами "7 дюймов". \r\nСейчас продает футболки с принтами из старых кинофильмов.', '2016-11-07 03:40:24', '2016-11-07 03:40:24', '', 0),
(24, 'Егор из наркоклиники', '+7 923 395 9500', 'rczkh@mail.ru', '', '', 'Занимается лечением от зависимостей.   \r\nОтказался от сайта дороже 20 тысяч.', '2016-11-07 03:42:03', '2016-12-05 04:44:33', 'кайпромо,архив', 0),
(25, 'Максим Солевит', '+7 902 467 0152', '', '', '', 'Непонятно чем занимается. Связал с ним **Павел Фомин**. \r\nВсе лето пытались встретиться и безрезультатно. Он постоянно переносил встречи.', '2016-11-07 03:44:37', '2016-11-10 03:53:49', '', 0),
(26, 'Роман Сварщик', '+79135220274', 'g9833718073@gmail.com', '', '', 'Желает создать сайт-визитку по ремонтным работам, с которого можно продавать сварочные аппараты (максимум 10 позиций). Не устраивают шаблоны на английском языке. И хочет видеть много выполненных работ знаменитых и известных компаний.', '2016-11-07 08:14:00', '2016-11-07 08:14:00', '', 0),
(27, 'Вячеслав - халява', '+79020143737', '', '', '', 'Человек, которому перепродали бесплатный сайт от студии Кайпромо, за акцию "Задай вопрос". Предложение действительно до конца ноября 2016 года.', '2016-11-07 08:16:13', '2016-11-07 08:16:13', '', 0),
(28, 'Стас Земля', '+79835877770', 'stas_1982@mail.ru', '', '', 'Станислав занимается продажей земельных участков и хочет сайт (есть подозрения, что бесплатно).\r\n\r\nПопросил рассчитать стоимость сайта для него, после чего ушел в игнор.\r\n\r\nОткликнутся на замануху о шаблонных сайтах, сбросил смс с почтой, но на дешевые цены шаблонных сайтов никак не отреагировал, вновь залег на дно.', '2016-11-07 09:54:13', '2016-11-07 09:54:13', '', 0),
(29, 'Михаил Селезнев', '+7 923 217 4427', '', '', '', 'Парень, вроде как лоялен к нашей компании. Не первый раз звонит. Сейчас работает в фирме, которой нужен очень простой сайт. Им предложили сделать его в питере за 5000 рублей. Но они боятся работать удаленно, и хотят местного исполнителя. \r\n\r\nЕсли не получится поработать можно предложить ему акцию в декабре.\r\n\r\nОни сделали сайт в вебидее за 3900. Вебидея делает одностраничник на modx за 3900', '2016-11-08 08:42:31', '2016-11-28 11:33:26', 'вебтолк,архив,отказ', 0),
(30, 'Юлия "Уютный дом"', '+79135431633', '', 'http://уютный-дом19.рф', '"Уютный дом" единая служба сбыта', 'Интересует продвижение сайта', '2016-11-15 08:53:45', '2016-11-15 08:53:45', '', 0),
(31, 'Татьяна Калинина', '8-9535906416, 8-39042-29693', 'tata.kalinina@mail.ru', 'www.ckc-info.com', '"Сберегательный кредитный союз"', 'Режим работы (с 9 до 18, с 13 до 14 перерыв) \r\nИмеется сайт www.ckc-info.com\r\n\r\nХотят работать с нами, потому что со своим программистом не получаеться. \r\nРедко обновляют сайт. Новости раз в сто лет. Готовы оплачивать поддержку почасово. ', '2016-11-17 07:43:13', '2016-11-21 03:28:37', '', 0),
(32, 'Алексей как Авито', '', 'aleck.marckow@yandex.ru', '', '', 'Хочет сайт на подобе Авито.\r\n\r\nНаписали ему письмо. На связь не вышел.', '2016-11-21 02:08:30', '2016-11-28 11:34:18', 'вебтолк,архив,отказ', 0),
(33, 'Сергей суши сакура', '+7 908 326 2238', 'strong812@ya.ru', 'http://xn----8sba3am0bccpf3c.xn--p1ai/', 'суши сакура', 'Хочет сайт лучше чем у конкурентов. Хочет поднять продажи.\r\nКогда заговорили о шаблонных сайтах, сказал что нужен сайт за 5 тысяч. Но шаблоны все равно согласился посмотреть.', '2016-11-21 02:29:04', '2016-11-21 04:13:58', '', 0),
(34, 'Константин', '89235828233', 'nazarovoagrosnab-ug@mail.ru', '', 'Назаров Агроснаб Юг', 'Звонила его жена из 2 гис, просила связаться с ним.\r\nЗанимается запчастями для сельскохозяйственной техники. Около 400 позиций. Нужен каталог с формой обратной связи.', '2016-11-22 02:43:12', '2016-11-22 04:26:51', '', 0),
(35, 'Алексей Росстройконтроль', '+79130338158', '', '', 'Росстройконтроль', 'Алексей приходил в Мае с Виктором (Виал). Хотели заказать сайт для конторы Росстройконтроль. И потерялись. В ноябре 2016 я предложил им сайт шаблонный. Должен перезвонить в декабре.', '2016-11-29 08:33:46', '2016-11-29 08:33:46', 'Array', 0),
(36, 'Андрей Лэндинг', '+79332001020', '', '', '-', 'Приходил осенью за лендингом. Занимается мебелью на заказ. Потерялся. Я в ноябре спросил его как дела, он сказал, что лендинг так и не сделал. Хочет накопить больше выполненных работ. Я договорился позвонить ему весной.', '2016-11-29 08:55:07', '2016-11-29 08:55:07', 'Array', 0),
(37, 'Максим Автоюрист', '+7 913 544 6394  и  +7 933 339 4439', '', '', '', 'Хотел летом заказать систему документооборота. В итоге заказал в красноярске. Много звонил интересовался услугами. Думаю можно ему после НГ позвонить предложить услуги. или До НГ. Шаблонный сайт например.', '2016-11-29 08:59:25', '2016-11-29 08:59:25', 'Array', 0),
(38, 'Анна Янгулова (Бизиборд Халява)', '+7 983 278 10 80', 'samrina.anna@gmail.com', '', 'Умочка', 'Привел Максим Викторович Луконин, который перепродал ребятам свой бесплатный сайт, выигранный в акции "Задай вопрос" (выигранную редьку зажмотил). Нужен сайт детских игрушек-органайзеров, которые можно заказать как готовые, так и составить из предложенных элементов.', '2016-11-29 09:57:21', '2016-11-29 09:57:51', 'кайпромо', 0),
(39, 'Александр - лом цветных металлов', '+923 393 02 57', '', '', '', 'Нужен сайт, примерно как этот: http://f-vm.ru/price\r\nТри странички, но главное, чтобы прайс был оформлен таблицей, которая адекватно отображалась бы на всех устройствах. И чтобы заказчик сам легко мог редактировать информацию в таблице.\r\nзаказал у других, позвонить через 2 недели', '2016-12-08 07:32:11', '2016-12-08 08:24:51', '', 0),
(40, 'Ирина - недвижимость', '+7 3903 2 2 16 4 0', '', '', '', 'Нужен сайт для недвижимости. Мониторинг цен по созданию сайта. Звонок 13:00 12 декабря 2016', '2016-12-12 06:41:50', '2016-12-12 06:41:50', 'Array', 0),
(41, 'Светлана - хоз.товары', '+7 913 541 55 66', 'svik2003@rambler.ru', '', 'Торговая компания "Европак"', 'Желает сайт-каталог с синхронизацией таблицы иксель. Таблица как попало сделана и для работы синхронизации крайне проблематична. В этом и загвоздка. Либо переделают таблицу и вновь к нам обратятся с заказом, либо пропадут на веки вечные в пучине столицы Хакасии...\r\n\r\n"Желаемый шаблон: http://joomlab.dp.ua/omegatheme/  Название шаблона: Sexyqueen\r\nСайт-каталог, отключить функцию покупок, оставить сравнение товара (рекомендации), список желаний (если его можно сделать без регистрации)\r\nКаталог на 2000 наименований (каталог выгрузим из Exel), 6-10 разделов\r\nВозможность загрузки на сайт прайс-листа, чтоб его можно было скачать пользователям\r\nКартинки на слайд и логотип есть."', '2016-12-13 05:03:51', '2016-12-13 05:03:51', 'Array', 0),
(42, 'Татьяна Ширковец', '+7 983 190 87 55', '', 'http://fitfiesta.ru', 'Фитнес Фиеста', ' Хотели заказать одностраничник для продвижения одной из услуг. Курирует проект Александр Николаев - коуч консультант и инфобизнесмен. (Нужно было "докрутить" рекламный текст или написать новый продающий текст с триггерами). Не устроил вид шаблонов. По словам Татьяны, Александр сказал, "что такой сайт мы и сами сделаем". Страница Татьяны https://vk.com/fitnesfiesta\r\nВозможно позвонить через недельку или написать, поинтересоваться, как у них дела. (звонок был 09.12.16)', '2016-12-13 08:11:54', '2016-12-13 08:17:21', 'кайпромо', 0),
(43, 'Юрий Доможаков (Юрьевич)', '+7(933)-320-19-19', 'domozhakov-iip132@mail.ru', '', 'гостиница "Север"', 'Теперь по поводу сайта гостиницы "Север" можете вести переговоры со мной.\r\n\r\nВерсию сайта посмотрели, есть некоторые коррективы:\r\n\r\n- Над прейскурантом убрать текст "Уважаемые гости, прейскурант действителен до 31.03.2016 года включительно!"\r\n- Сразу под прейскурантом написать, первый текст: "В стоимость суточного проживания включен завтрак. "\r\n- Вторым текстом  под прейскурантом  написать: "За отдельную плату предоставляются услуги трансфера до ЖД вокзала и аэропорта"\r\n- Весь текст,указанный выше, написать шрифтом, как  в прейскуранте, но с "жирным" выделением.\r\n Так же в ближайшее время вышлем фотографию на главную страницу, ее нужно будет заменить. Вышлем логотип гостиницы, его нужно будет вставить на главной странице вместо надписи ГОСТИНИЦА "СЕВЕР".', '2016-12-14 07:50:16', '2016-12-14 07:50:16', 'Array', 0),
(44, 'Наталья', '+7 913 057 87 10', '', '', 'ООО "Ника" (оценка недвижимости, агентство недвижимости)', '"Сайт кто-то создал, никто им не занимался, этот кто-то уехал, нужен новый сайт." \r\nСайта в поисковых системах нет. Предполагаю, что закончилась аренда доменного имени. Проблема в том, что в Абакане есть еще одна фирма ООО "Ника", созданные гораздо позднее, но с сайтом на верхних позициях. Старой Нике (коротая в Усть-Абакане) обидно, что ее вытеснила молодая Ника-наглая-конкурентка. Обещала приехать 16 декабря', '2016-12-15 06:07:53', '2016-12-15 06:07:53', 'Array', 0);

-- --------------------------------------------------------

--
-- Структура таблицы `lists`
--

CREATE TABLE IF NOT EXISTS `lists` (
  `id` int(255) NOT NULL AUTO_INCREMENT,
  `name` varchar(255) NOT NULL,
  `trello_list_id` text NOT NULL,
  `project_id` int(255) NOT NULL,
  `pos` text NOT NULL,
  PRIMARY KEY (`id`)
) ENGINE=InnoDB  DEFAULT CHARSET=utf8 AUTO_INCREMENT=190 ;

--
-- Дамп данных таблицы `lists`
--

INSERT INTO `lists` (`id`, `name`, `trello_list_id`, `project_id`, `pos`) VALUES
(172, 'Запланировано', '5748020f4cbbdf740a5c8438', 2, '65535'),
(173, 'В разработке', '57480215303bdac28d13ffad', 2, '131071'),
(174, 'На проверке', '5748021809b207840c356c1d', 2, '196607'),
(175, 'Сделано', '5748021aae09264dd9f86289', 2, '262143'),
(178, 'Запланировано', '575793d8bb0a6849b88253e9', 3, '65535'),
(179, 'В разработке', '575819c35addf865aa92065f', 3, '131071'),
(180, 'На проверке', '575819c8e04f097efde6e756', 3, '196607'),
(181, 'Сделано', '575819cf71cfab5e28a5e06e', 3, '262143'),
(182, 'Запланировано', '', 1, '1'),
(183, 'В разработке', '', 1, '2'),
(184, 'На проверке', '', 1, '4'),
(185, 'Сделано', '', 1, '5\n'),
(186, 'Запланировано', '', 13, '0'),
(187, 'В разработке', '', 13, '1'),
(188, 'На проверке', '', 13, '2'),
(189, 'Сделано', '', 13, '3');

-- --------------------------------------------------------

--
-- Структура таблицы `log`
--

CREATE TABLE IF NOT EXISTS `log` (
  `id` int(255) NOT NULL AUTO_INCREMENT,
  `message` text NOT NULL,
  `date` datetime NOT NULL,
  `entity` varchar(255) NOT NULL,
  `entity_id` int(11) NOT NULL,
  UNIQUE KEY `unique_id` (`id`)
) ENGINE=InnoDB  DEFAULT CHARSET=utf8 AUTO_INCREMENT=232 ;

--
-- Дамп данных таблицы `log`
--

INSERT INTO `log` (`id`, `message`, `date`, `entity`, `entity_id`) VALUES
(1, 'ололло', '2016-06-29 20:57:20', 'common', 0),
(2, 'ололло', '2016-06-29 20:57:20', 'common', 0),
(3, 'ололло', '2016-06-29 20:59:15', 'common', 0),
(4, 'ололло', '2016-06-29 20:59:16', 'common', 0),
(5, 'ололло', '2016-06-29 20:59:47', 'common', 0),
(6, 'Изменилась задача "Новая задача 8"', '2016-06-29 21:13:39', 'card', 36),
(7, 'Удалили задачу "Новая задача 8"', '2016-06-29 21:15:06', 'card', 36),
(8, 'Создана задача "Крутая задача"', '2016-06-29 21:16:36', 'card', 53),
(9, 'Удалили задачу "Измеряем время"', '2016-06-29 21:18:14', 'card', 13),
(10, 'Создан проект "Еще"', '2016-06-29 21:19:45', 'project', 0),
(11, 'Изменилась задача "  Крутая задача   "', '2016-07-02 14:03:26', 'card', 53),
(12, 'Изменилась задача "      Вебтолк         "', '2016-07-02 14:06:07', 'card', 34),
(13, 'Изменилась задача "            Проверить задачу                  "', '2016-07-02 14:06:16', 'card', 23),
(14, 'Изменилась задача "  авыа   "', '2016-07-02 17:24:09', 'card', 33),
(15, 'Изменилась задача "    Крутая задача      "', '2016-07-02 17:24:13', 'card', 53),
(16, 'Изменилась задача "              Проверить задачу                     "', '2016-07-02 17:24:51', 'card', 23),
(17, 'Изменилась задача "                ПРоверка даты Еще раз                        "', '2016-07-02 17:24:59', 'card', 26),
(18, 'Изменилась задача "  Еще задача   "', '2016-07-02 17:25:01', 'card', 37),
(19, 'Изменилась задача "                ПРоверка даты Еще раз                        "', '2016-07-02 17:25:04', 'card', 26),
(20, 'Изменилась задача "                ПРоверка даты Еще раз                        "', '2016-07-02 17:25:06', 'card', 26),
(21, 'Изменилась задача "      Пользователи         "', '2016-07-03 14:19:21', 'card', 42),
(22, 'Изменилась задача "      Пользователи         "', '2016-07-03 14:24:58', 'card', 42),
(23, 'Изменилась задача "      Пользователи         "', '2016-07-03 14:24:59', 'card', 42),
(24, 'Изменилась задача "      Пользователи         "', '2016-07-03 14:25:23', 'card', 42),
(25, 'Изменилась задача "      Пользователи         "', '2016-07-03 14:25:25', 'card', 42),
(26, 'Изменилась задача "      Пользователи         "', '2016-07-03 14:27:06', 'card', 42),
(27, 'Изменилась задача "      Пользователи         "', '2016-07-03 14:27:07', 'card', 42),
(28, 'Изменилась задача "Пользователи"', '2016-07-03 14:28:39', 'card', 42),
(29, 'Изменилась задача "Пользователи"', '2016-07-03 14:28:40', 'card', 42),
(30, 'Изменилась задача "Прикреплять файлы к задачам"', '2016-07-03 14:31:13', 'card', 52),
(31, 'Изменилась задача "Pflfxf"', '2016-07-04 09:24:49', 'card', 54),
(32, 'Изменилась задача "Pflfxf"', '2016-07-04 09:24:50', 'card', 54),
(33, 'Изменилась задача "Pflfxf"', '2016-07-04 09:24:52', 'card', 54),
(34, 'Изменилась задача "Крутая задач"', '2016-07-04 09:24:59', 'card', 53),
(35, 'Изменилась задача "Другое"', '2016-07-04 09:25:20', 'card', 35),
(36, 'Изменилась задача "Чек  rek"', '2016-07-04 09:26:02', 'card', 21),
(37, 'Изменилась cвойство (list_id -> 180) у задачи "Чек  rek"', '2016-07-10 21:56:09', 'card', 21),
(38, 'Изменилась cвойство (list_id -> 184) у задачи "Прикреплять файлы к задачам"', '2016-07-10 21:56:33', 'card', 52),
(39, 'Изменилась cвойство (list_id -> 184) у задачи "Журнал проекта (лог действий)"', '2016-07-10 21:56:38', 'card', 39),
(40, 'Изменилась cвойство (name -> Журнал (лог) привязать к задачам) у задачи "\n     \n    Журнал (лог) привязать к задачам \n            "', '2016-07-10 21:56:41', 'card', 45),
(41, 'Изменилась cвойство (list_id -> 184) у задачи "\n     \n    Журнал (лог) привязать к задачам \n            "', '2016-07-10 21:56:41', 'card', 45),
(42, 'Комментарий "Робот"', '2016-07-10 22:44:49', 'card', 26),
(43, 'Комментарий "Робот"', '2016-07-10 22:47:46', 'card', 24),
(44, 'Комментарий "Робот"', '2016-07-10 22:49:05', 'card', 24),
(45, 'Комментарий "Робот"', '2016-07-10 22:49:08', 'card', 24),
(46, 'Комментарий "Ололо"', '2016-07-13 21:23:56', 'card', 23),
(47, 'Комментарий "Че ты сказал ?"', '2016-07-13 21:24:04', 'card', 23),
(48, 'Комментарий "Джон уик"', '2016-07-13 21:53:03', 'card', 34),
(49, 'Комментарий "Еще один комментарий"', '2016-07-13 21:53:30', 'card', 34),
(50, 'Комментарий "Ты что то сказал ?"', '2016-07-13 22:06:55', 'card', 34),
(51, 'Комментарий "ПРоверка комментария"', '2016-07-13 22:10:53', 'card', 34),
(52, 'Комментарий "Что это за слово ?"', '2016-07-13 22:11:53', 'card', 34),
(53, 'Комментарий "О чем ты вообще ?"', '2016-07-13 22:12:01', 'card', 34),
(54, 'Изменилась cвойство (name -> Комментарии к задаче) у задачи "    Комментарии к задаче      "', '2016-07-13 22:12:43', 'card', 40),
(55, 'Изменилась cвойство (list_id -> 184) у задачи "    Комментарии к задаче      "', '2016-07-13 22:12:43', 'card', 40),
(56, 'Изменилась cвойство (name -> Крутая задача) у задачи "Крутая задач"', '2016-07-13 22:31:54', 'card', 53),
(57, 'Изменилась cвойство (name -> сделайте мне вот это) у задачи "  сделайте мне вот это   "', '2016-07-14 19:56:49', 'card', 4),
(58, 'Изменилась cвойство (list_id -> 173) у задачи "  сделайте мне вот это   "', '2016-07-14 19:56:49', 'card', 4),
(59, 'Изменилась cвойство (list_id -> 173) у задачи "Я хочу быстрее"', '2016-07-14 19:56:50', 'card', 12),
(60, 'Комментарий "Мой комментарий"', '2016-07-16 18:31:27', 'card', 47),
(61, 'Комментарий "Еще один комментарий"', '2016-07-16 18:32:16', 'card', 47),
(62, 'Комментарий "а так же при клике по рубрике в рубрикаторе слева нужно что то сделать, либо чтоб вверх поднималось окно, либо ещё что, а то сейчас кликнув снизу, например по рубрике "номера для новобрачных" создаётся ощущение, что ничего не происходит и рубрикатор не работает, так как в поле зрения не попадает кнопка перехода в рубрику."', '2016-07-16 18:34:19', 'card', 47),
(63, 'Создана задача "Ответственный за задачей"', '2016-07-16 18:47:01', 'card', 56),
(64, 'Изменилась cвойство (list_id -> 183) у задачи "Ответственный за задачей"', '2016-07-16 18:47:05', 'card', 56),
(65, 'Изменилась cвойство (name -> Чеклист задачи) у задачи "  Чеклист задачи   "', '2016-07-16 18:47:06', 'card', 41),
(66, 'Изменилась cвойство (list_id -> 182) у задачи "  Чеклист задачи   "', '2016-07-16 18:47:07', 'card', 41),
(67, 'Изменилась cвойство (name -> Архив проектов) у задачи "  Архив проектов   "', '2016-07-16 18:47:08', 'card', 50),
(68, 'Изменилась cвойство (list_id -> 182) у задачи "  Архив проектов   "', '2016-07-16 18:47:08', 'card', 50),
(69, 'Создана задача "Заказчик может ставить задачи"', '2016-07-16 18:47:28', 'card', 57),
(70, 'Изменилась cвойство (list_id -> 183) у задачи "Заказчик может ставить задачи"', '2016-07-16 18:47:31', 'card', 57),
(71, 'Создана задача "Еженедельные отчеты"', '2016-07-16 18:47:41', 'card', 58),
(72, 'Изменилась cвойство (list_id -> 183) у задачи "Еженедельные отчеты"', '2016-07-16 18:47:45', 'card', 58),
(73, 'Создана задача "Уведомления на почту, о выполненной задаче"', '2016-07-16 18:48:36', 'card', 59),
(74, 'Изменилась cвойство (list_id -> 183) у задачи "Уведомления на почту, о выполненной задаче"', '2016-07-16 18:48:41', 'card', 59),
(75, 'Создан проект "Новый"', '2016-07-17 19:19:19', 'project', 13),
(76, 'Изменилась cвойство (name -> Вебтолк) у задачи "      Вебтолк         "', '2016-07-17 20:51:13', 'card', 34),
(77, 'Изменилась cвойство (name -> ПРоверка даты) у задачи "      ПРоверка даты         "', '2016-07-17 20:52:45', 'card', 25),
(78, 'Изменилась cвойство (member -> 2) у задачи "Вебтолк"', '2016-07-17 20:54:47', 'card', 34),
(79, 'Изменилась cвойство (list_id -> 184) у задачи "Ответственный за задачей"', '2016-07-17 20:55:29', 'card', 56),
(80, 'Изменилась cвойство (list_id -> 185) у задачи "Пользователи"', '2016-07-17 20:57:48', 'card', 42),
(81, 'Создана задача "Заказчик ставит задачу"', '2016-07-20 22:07:31', 'card', 60),
(82, 'Изменилась cвойство (list_id -> 184) у задачи "Заказчик может ставить задачи"', '2016-07-20 22:08:20', 'card', 57),
(83, 'Изменилась cвойство (list_id -> 173) у задачи "Делай делай делай"', '2016-07-26 19:52:04', 'card', 9),
(84, 'Изменилась cвойство (name -> Проверить задачу) у задачи "              Проверить задачу                     "', '2016-08-17 17:00:21', 'card', 23),
(85, 'Изменилась cвойство (list_id -> 180) у задачи "              Проверить задачу                     "', '2016-08-17 17:00:21', 'card', 23),
(86, 'Изменилась cвойство (list_id -> 180) у задачи "Крутая задача"', '2016-09-08 21:13:26', 'card', 53),
(87, 'Изменилась cвойство (member -> ) у задачи "Крутая задача"', '2016-09-08 21:13:26', 'card', 53),
(88, 'Добавлен новый лид "Проверка"', '2016-09-29 00:15:09', 'lead', 1),
(89, 'Добавлен новый лид "Наталья Прощенко"', '2016-09-29 00:25:58', 'lead', 2),
(90, 'Добавлен новый лид "Марина Бухгалтер"', '2016-09-29 00:26:43', 'lead', 3),
(91, 'Добавлен новый лид "Марина"', '2016-09-29 00:27:42', 'lead', 4),
(92, 'Добавлен новый лид "Анна Сергеевна Савицкая"', '2016-09-29 00:28:34', 'lead', 5),
(93, 'Добавлен новый лид "Анастация Цветы"', '2016-09-29 00:29:08', 'lead', 6),
(94, 'Добавлен новый лид "Александр Соцопросы"', '2016-09-29 00:29:31', 'lead', 7),
(95, 'Добавлен новый лид "Светлана из бухгалтерии"', '2016-09-29 00:30:09', 'lead', 8),
(96, 'Добавлен новый лид "Олег Бухгалтер"', '2016-09-29 00:30:44', 'lead', 9),
(97, 'Добавлен новый лид "Проверка даты"', '2016-10-01 00:11:44', 'lead', 10),
(98, 'Добавлен новый лид "Вячеслав"', '2016-10-01 16:49:55', 'lead', 13),
(99, 'Изменен лид "Проверка 2"', '2016-10-07 17:46:21', 'lead', 1),
(100, 'Изменен лид "Проверка 7"', '2016-10-07 17:51:45', 'lead', 1),
(101, 'Изменен лид "Проверка 7"', '2016-10-07 18:40:00', 'lead', 1),
(102, 'Изменен лид "Проверка 7"', '2016-10-07 18:40:19', 'lead', 1),
(103, 'Изменен лид "Проверка 7"', '2016-10-07 21:45:45', 'lead', 1),
(104, 'Добавлен новый лид "Еще один лид"', '2016-10-07 21:52:42', 'lead', 14),
(105, 'Добавлена новая Компания "Вебтолк"', '2016-10-07 23:05:22', 'company', 1),
(106, 'Добавлена новая Компания "ООО "Джилайф""', '2016-10-07 23:06:09', 'company', 2),
(107, 'Изменена компания "Вебтолк"', '2016-10-07 23:15:33', 'company', 1),
(108, 'Изменена компания "Вебтолк"', '2016-10-07 23:15:40', 'company', 1),
(109, 'Изменена компания "ООО "Джилайф""', '2016-10-07 23:15:55', 'company', 2),
(110, 'Добавлен новый лид "Jkt"', '2016-10-10 17:09:10', 'lead', 15),
(111, 'Изменилась cвойство (list_id -> 179) у задачи "Заказчик ставит задачу"', '2016-10-13 21:52:53', 'card', 60),
(112, 'Изменилась cвойство (list_id -> 178) у задачи "Заказчик ставит задачу"', '2016-10-13 21:52:54', 'card', 60),
(113, 'Изменилась cвойство (list_id -> 179) у задачи "Заказчик ставит задачу"', '2016-10-13 21:53:02', 'card', 60),
(114, 'Изменилась cвойство (list_id -> 180) у задачи "Заказчик ставит задачу"', '2016-10-13 21:53:04', 'card', 60),
(115, 'Изменилась cвойство (list_id -> 179) у задачи "Заказчик ставит задачу"', '2016-10-13 21:53:05', 'card', 60),
(116, 'Добавлен новый лид "Олег"', '2016-11-04 11:30:52', 'lead', 16),
(117, 'Изменен лид "Олег"', '2016-11-07 10:09:43', 'lead', 16),
(118, 'Изменен лид "Олег"', '2016-11-07 10:09:49', 'lead', 16),
(119, 'Изменен лид "Jkt"', '2016-11-07 10:10:14', 'lead', 15),
(120, 'Изменен лид "Jkt"', '2016-11-07 10:10:30', 'lead', 15),
(121, 'Изменен лид "Jkt"', '2016-11-07 10:10:37', 'lead', 15),
(122, 'Изменен лид "Jkt"', '2016-11-07 10:11:57', 'lead', 15),
(123, 'Изменен лид "Jkt"', '2016-11-07 10:12:07', 'lead', 15),
(124, 'Изменен лид "Jkt"', '2016-11-07 10:13:02', 'lead', 15),
(125, 'Изменен лид "Jkt"', '2016-11-07 10:13:58', 'lead', 15),
(126, 'Изменен лид "Jkt"', '2016-11-07 10:14:12', 'lead', 15),
(127, 'Удален лид "Jkt"', '2016-11-07 10:15:36', 'lead', 15),
(128, 'Удален лид "Еще один лид"', '2016-11-07 10:15:40', 'lead', 14),
(129, 'Удален лид "Вячеслав"', '2016-11-07 10:15:44', 'lead', 13),
(130, 'Удален лид "Проверка 7"', '2016-11-07 10:15:53', 'lead', 1),
(131, 'Удален лид "Олег"', '2016-11-07 10:15:57', 'lead', 16),
(132, 'Добавлен новый лид "Елена цветы"', '2016-11-07 10:18:21', 'lead', 17),
(133, 'Добавлен новый лид "Дмитрий"', '2016-11-07 10:24:17', 'lead', 18),
(134, 'Изменен лид "Дмитрий Автомасла"', '2016-11-07 10:24:32', 'lead', 18),
(135, 'Добавлен новый лид "Сергей Косицин транспорт. компания"', '2016-11-07 10:28:37', 'lead', 19),
(136, 'Добавлен новый лид "Игорь форум"', '2016-11-07 10:31:26', 'lead', 20),
(137, 'Удален лид "Олег"', '2016-11-07 10:32:06', 'lead', 12),
(138, 'Изменен лид "Елена цветы"', '2016-11-07 10:33:00', 'lead', 17),
(139, 'Добавлен новый лид "Евгения мебель на заказ"', '2016-11-07 10:34:56', 'lead', 21),
(140, 'Добавлен новый лид "Максим строитель"', '2016-11-07 10:38:51', 'lead', 22),
(141, 'Добавлен новый лид "Роман принты"', '2016-11-07 10:40:24', 'lead', 23),
(142, 'Добавлен новый лид "Егор из наркоклиники"', '2016-11-07 10:42:03', 'lead', 24),
(143, 'Изменен лид "Егор из наркоклиники"', '2016-11-07 10:42:14', 'lead', 24),
(144, 'Добавлен новый лид "Максим Солевит"', '2016-11-07 10:44:37', 'lead', 25),
(145, 'Добавлен новый лид "Роман Сварщик"', '2016-11-07 15:14:00', 'lead', 26),
(146, 'Добавлен новый лид "Вячеслав - халява"', '2016-11-07 15:16:13', 'lead', 27),
(147, 'Добавлен новый лид "Стас Земля"', '2016-11-07 16:54:13', 'lead', 28),
(148, 'Добавлен новый лид "Михаил Селезнев"', '2016-11-08 15:42:31', 'lead', 29),
(149, 'Изменен лид "Максим Солевит"', '2016-11-10 10:53:34', 'lead', 25),
(150, 'Изменен лид "Максим Солевит"', '2016-11-10 10:53:49', 'lead', 25),
(151, 'Изменен лид "Евгения мебель на заказ"', '2016-11-10 13:53:57', 'lead', 21),
(152, 'Добавлен новый лид "Юлия "Уютный дом""', '2016-11-15 15:53:45', 'lead', 30),
(153, 'Добавлен новый лид "Татьяна "', '2016-11-17 14:43:13', 'lead', 31),
(154, 'Добавлен новый лид "Алексей как Авито"', '2016-11-21 09:08:30', 'lead', 32),
(155, 'Добавлен новый лид "Сергей суши сакура"', '2016-11-21 09:29:04', 'lead', 33),
(156, 'Изменен лид "Татьяна Калинина"', '2016-11-21 09:46:27', 'lead', 31),
(157, 'Изменен лид "Татьяна Калинина"', '2016-11-21 10:28:37', 'lead', 31),
(158, 'Изменен лид "Сергей суши сакура"', '2016-11-21 11:13:58', 'lead', 33),
(159, 'Добавлен новый лид "Константин"', '2016-11-22 09:43:12', 'lead', 34),
(160, 'Изменен лид "Константин"', '2016-11-22 11:25:20', 'lead', 34),
(161, 'Изменен лид "Константин"', '2016-11-22 11:26:51', 'lead', 34),
(162, 'Изменен лид "Дмитрий Автомасла"', '2016-11-28 18:07:50', 'lead', 18),
(163, 'Изменен лид "Дмитрий Автомасла"', '2016-11-28 18:24:43', 'lead', 18),
(164, 'Изменен лид "Дмитрий Автомасла"', '2016-11-28 18:26:43', 'lead', 18),
(165, 'Изменен лид "Дмитрий Автомасла"', '2016-11-28 18:26:57', 'lead', 18),
(166, 'Изменен лид "Дмитрий Автомасла"', '2016-11-28 18:30:38', 'lead', 18),
(167, 'Изменен лид "Максим строитель"', '2016-11-28 18:32:34', 'lead', 22),
(168, 'Изменен лид "Михаил Селезнев"', '2016-11-28 18:33:26', 'lead', 29),
(169, 'Изменен лид "Алексей как Авито"', '2016-11-28 18:34:18', 'lead', 32),
(170, 'Добавлена новая Компания "Благотворительный фонд поддержки Борьбы с наркологической зависимостью "Здоровая Хакасия""', '2016-12-02 15:14:14', 'company', 3),
(171, 'Изменена компания "Благотворительный фонд "Здоровая Хакасия""', '2016-12-02 15:18:42', 'company', 3),
(172, 'Изменена компания "Благотворительный фонд "Здоровая Хакасия""', '2016-12-02 15:18:57', 'company', 3),
(173, 'Добавлен новый человек "Гавриков Егор Александрович"', '2016-12-02 15:25:04', 'people', 1),
(174, 'Изменен человек "Гавриков Егор Александрович"', '2016-12-02 15:27:44', 'people', 1),
(175, 'Изменен человек "Гавриков Егор Александрович"', '2016-12-02 15:29:04', 'people', 1),
(176, 'Изменен человек "Гавриков Егор Александрович"', '2016-12-02 15:29:30', 'people', 1),
(177, 'Изменен человек "Гавриков Егор Александрович"', '2016-12-02 15:29:48', 'people', 1),
(178, 'Добавлен новый человек "Проверка удаления"', '2016-12-02 15:34:31', 'people', 2),
(179, 'Удален человек "Проверка удаления"', '2016-12-02 15:34:37', 'people', 2),
(180, 'Изменен человек "Гавриков Егор Александрович"', '2016-12-02 15:35:08', 'people', 1),
(181, 'Добавлен новый лид "авы"', '2016-12-02 16:01:45', 'lead', 35),
(182, 'Удален лид "авы"', '2016-12-02 16:01:51', 'lead', 35),
(183, 'Изменен лид "Егор из наркоклиники"', '2016-12-02 16:02:06', 'lead', 24),
(184, 'Изменен лид "Егор из наркоклиники"', '2016-12-02 16:02:24', 'lead', 24),
(185, 'Изменен лид "Егор из наркоклиники"', '2016-12-02 16:03:36', 'lead', 24),
(186, 'Изменен лид "Егор из наркоклиники"', '2016-12-02 16:05:07', 'lead', 24),
(187, 'Изменен лид "Егор из наркоклиники"', '2016-12-02 16:05:12', 'lead', 24),
(188, 'Изменен лид "Егор из наркоклиники"', '2016-12-02 16:07:40', 'lead', 24),
(189, 'Изменен лид "Егор из наркоклиники"', '2016-12-02 16:07:48', 'lead', 24),
(190, 'Добавлена новая Компания ""Уютный дом" единая служба сбыта"', '2016-12-02 16:36:03', 'company', 4),
(191, 'Изменен лид "Елена цветы"', '2016-12-06 09:43:29', 'lead', 17),
(192, 'Изменен лид "Елена цветы"', '2016-12-06 09:43:44', 'lead', 17),
(193, 'Изменен лид "Евгения мебель на заказ"', '2016-12-18 11:12:41', 'lead', 21),
(194, 'Изменен лид "Елена цветы"', '2016-12-18 11:23:55', 'lead', 17),
(195, 'Изменен лид "Елена цветы"', '2016-12-18 11:25:30', 'lead', 17),
(196, 'Изменен лид "Елена цветы"', '2016-12-18 11:26:26', 'lead', 17),
(197, 'Изменен лид "Елена цветы"', '2016-12-18 11:28:05', 'lead', 17),
(198, 'Изменен лид "Елена цветы"', '2016-12-18 11:28:17', 'lead', 17),
(199, 'Изменен лид "Елена цветы"', '2016-12-18 11:28:27', 'lead', 17),
(200, 'Добавлен новый лид "Тест лидов"', '2016-12-18 12:03:50', 'lead', 39),
(201, 'Добавлен новый лид "Тест"', '2016-12-18 12:12:56', 'lead', 43),
(202, 'Добавлен новый лид "Тест"', '2016-12-18 12:15:23', 'lead', 44),
(203, 'Удален лид ""', '2016-12-18 12:18:52', 'lead', 44),
(204, 'Удален лид ""', '2016-12-18 12:18:58', 'lead', 44),
(205, 'Удален лид ""', '2016-12-18 12:19:22', 'lead', 44),
(206, 'Добавлен новый лид "Тестим"', '2016-12-18 12:23:11', 'lead', 45),
(207, 'Добавлен новый лид "тестим"', '2016-12-18 12:24:51', 'lead', 46),
(208, 'Удален лид "тестим"', '2016-12-18 12:25:03', 'lead', 46),
(209, 'Добавлена новая сделка "Калькулятор"', '2016-12-18 13:09:36', 'deal', 1),
(210, 'Изменена сделка "Калькулятор"', '2016-12-18 13:16:13', 'deal', 1),
(211, 'Изменена сделка "Калькулятор"', '2016-12-18 13:16:19', 'deal', 1),
(212, 'Изменена сделка "Калькулятор"', '2016-12-18 13:16:53', 'deal', 1),
(213, 'Изменена сделка "Калькулятор"', '2016-12-18 13:18:38', 'deal', 1),
(214, 'Изменена сделка "Калькулятор"', '2016-12-18 13:35:09', 'deal', 1),
(215, 'Изменена сделка "Калькулятор"', '2016-12-18 13:35:14', 'deal', 1),
(216, 'Изменена сделка "Калькулятор"', '2016-12-18 13:44:11', 'deal', 1),
(217, 'Изменена сделка "Калькулятор"', '2016-12-18 13:45:45', 'deal', 1),
(218, 'Удалена сделка "Калькулятор"', '2016-12-18 13:52:50', 'deal', 1),
(219, 'Добавлена новая сделка "Калькулятор"', '2016-12-18 13:54:17', 'deal', 2),
(220, 'Удалена сделка "Калькулятор"', '2016-12-18 14:12:07', 'deal', 2),
(221, 'Добавлена новая сделка "авыфаыв"', '2016-12-18 14:13:24', 'deal', 3),
(222, 'Удалена сделка "авыфаыв"', '2016-12-18 14:14:14', 'deal', 3),
(223, 'Добавлена новая Компания "Тест"', '2016-12-18 14:24:47', 'company', 5),
(224, 'Изменена компания "Тестим"', '2016-12-18 14:28:11', 'company', 5),
(225, 'Добавлен новый человек "Миша Серяк"', '2016-12-18 14:59:44', 'people', 2),
(226, 'Изменен человек ""', '2016-12-18 15:04:26', 'people', 2),
(227, 'Изменен человек ""', '2016-12-18 15:04:32', 'people', 2),
(228, 'Изменен человек ""', '2016-12-18 15:04:38', 'people', 2),
(229, 'Изменен человек "Миша Серяк"', '2016-12-18 15:05:34', 'people', 2),
(230, 'Удален человек "Миша Серяк"', '2016-12-18 15:05:57', 'people', 2),
(231, 'Изменен лид "Татьяна Калинина"', '2016-12-18 15:07:17', 'lead', 31);

-- --------------------------------------------------------

--
-- Структура таблицы `people`
--

CREATE TABLE IF NOT EXISTS `people` (
  `id` int(100) NOT NULL AUTO_INCREMENT,
  `name` varchar(255) DEFAULT NULL,
  `phone` varchar(255) DEFAULT NULL,
  `mail` varchar(255) DEFAULT NULL,
  `company_id` int(70) NOT NULL,
  `description` text NOT NULL,
  `birthday` date NOT NULL,
  `job_title` varchar(255) NOT NULL,
  PRIMARY KEY (`id`)
) ENGINE=InnoDB  DEFAULT CHARSET=utf8 AUTO_INCREMENT=3 ;

--
-- Дамп данных таблицы `people`
--

INSERT INTO `people` (`id`, `name`, `phone`, `mail`, `company_id`, `description`, `birthday`, `job_title`) VALUES
(1, 'Гавриков Егор Александрович', '+79233959500', 'rczkh@mail.ru', 3, '', '1977-08-05', 'Председатель фонда');

-- --------------------------------------------------------

--
-- Структура таблицы `projects`
--

CREATE TABLE IF NOT EXISTS `projects` (
  `id` int(100) NOT NULL AUTO_INCREMENT,
  `name` varchar(255) NOT NULL,
  `description` tinytext,
  `members` varchar(255) NOT NULL,
  PRIMARY KEY (`id`)
) ENGINE=InnoDB  DEFAULT CHARSET=utf8 AUTO_INCREMENT=14 ;

--
-- Дамп данных таблицы `projects`
--

INSERT INTO `projects` (`id`, `name`, `description`, `members`) VALUES
(1, 'Tasks.Wtolk', 'Корпоративная система задач. Внедреятся для более прозрачного контроля хода работ клиентом ', ''),
(2, 'Свадьбавед', 'Свадебный портал. Имеет федеральное значение. Пишется с нуля на Laravel. ', ''),
(3, 'Промтех', 'Сайт каталог промышленного трубопроводного оборудования.  ', '1,2'),
(9, 'Тестовый проект', 'Описание', ''),
(11, 'Проверка', '', ''),
(12, 'Авалон', 'Сайт визитка для челябинской компании на ADFM. Делает Карина ', ''),
(13, 'Новый', 'Тест', 'null');

-- --------------------------------------------------------

--
-- Структура таблицы `requisites`
--

CREATE TABLE IF NOT EXISTS `requisites` (
  `id` int(10) NOT NULL AUTO_INCREMENT,
  `type` varchar(255) NOT NULL,
  `fullname` varchar(255) NOT NULL,
  `shortname` varchar(255) NOT NULL,
  `v_lice` varchar(255) NOT NULL,
  `na_osnovanii` varchar(255) NOT NULL,
  `inn` varchar(255) NOT NULL,
  `kpp` varchar(255) NOT NULL,
  `adress` varchar(255) NOT NULL,
  `rass_scet` varchar(255) NOT NULL,
  `licev_scet` varchar(255) NOT NULL,
  `bik` varchar(255) NOT NULL,
  `bank` varchar(255) NOT NULL,
  `company_id` int(20) NOT NULL,
  UNIQUE KEY `id` (`id`),
  KEY `Index_1` (`id`),
  KEY `index_company_id` (`company_id`)
) ENGINE=InnoDB  DEFAULT CHARSET=utf8 AUTO_INCREMENT=7 ;

--
-- Дамп данных таблицы `requisites`
--

INSERT INTO `requisites` (`id`, `type`, `fullname`, `shortname`, `v_lice`, `na_osnovanii`, `inn`, `kpp`, `adress`, `rass_scet`, `licev_scet`, `bik`, `bank`, `company_id`) VALUES
(3, 'ip', 'ИП Серяков Михаил Михайлович', 'ИП Серяков Михаил Михайлович', 'меня любимого', 'лицензии', '190307207076', '-+', 'г. Черногорск, ул. Космонавтов, д.8', '', '', '049514745', 'ООО "ХАКАССКИЙ МУНИЦИПАЛЬНЫЙ БАНК" г. АБАКАН', 1),
(4, 'ooo', 'Благотворительный фонд поддержки борьбы с наркологической зависимостью "Здоровая Хакасия"', 'Благотворительный фонд "Здоровая Хакасия"', 'Гаврикова Егора Александровича', 'устава', '1901126988', '190101001', '655009, г. Абакан, ул. Карачаковой, д.11', '40703810371000000028', '', '', 'Абаканское отделение №8602 ПАО "Сбербанк России" г. Абакан', 3),
(5, 'ooo', 'олег', '', '', '', '', '', '', '', '', '', '', 0),
(6, 'ooo', 'олег', 'ваыаыва', 'Сашки', '', '', '', '', '', '', '', '', 5);

-- --------------------------------------------------------

--
-- Структура таблицы `tags`
--

CREATE TABLE IF NOT EXISTS `tags` (
  `name` varchar(255) NOT NULL,
  `entity_id` int(255) NOT NULL,
  `id` int(255) NOT NULL
) ENGINE=InnoDB DEFAULT CHARSET=utf8;

--
-- Дамп данных таблицы `tags`
--

INSERT INTO `tags` (`name`, `entity_id`, `id`) VALUES
('кайпромо', 24, 0),
('кайпромо', 21, 0),
('вебтолк', 17, 0),
('кайпромо', 17, 0);

-- --------------------------------------------------------

--
-- Структура таблицы `Users`
--

CREATE TABLE IF NOT EXISTS `Users` (
  `ID` int(7) unsigned NOT NULL AUTO_INCREMENT,
  `Username` varchar(15) NOT NULL,
  `Password` varchar(40) NOT NULL,
  `Email` varchar(100) NOT NULL,
  `Activated` tinyint(1) unsigned NOT NULL DEFAULT '0',
  `Confirmation` char(40) NOT NULL DEFAULT '',
  `RegDate` int(11) unsigned NOT NULL,
  `LastLogin` int(11) unsigned NOT NULL DEFAULT '0',
  `GroupID` int(2) unsigned NOT NULL DEFAULT '1',
  `access` varchar(255) DEFAULT NULL,
  `role` varchar(255) NOT NULL,
  PRIMARY KEY (`ID`)
) ENGINE=InnoDB  DEFAULT CHARSET=utf8 AUTO_INCREMENT=5 ;

--
-- Дамп данных таблицы `Users`
--

INSERT INTO `Users` (`ID`, `Username`, `Password`, `Email`, `Activated`, `Confirmation`, `RegDate`, `LastLogin`, `GroupID`, `access`, `role`) VALUES
(1, 'seryak2', '561740ce5cb7f4d263c88d9a8739d2659c217714', 'misha-seryak@ya.ru', 1, '', 1467527552, 1475080307, 1, '', ''),
(2, 'Markov', '56f1260172552c0b8c41ea2f7c606ad464b4abd9', 'web@wtolk.ru', 1, '', 1468671758, 1469027155, 2, '1,2,3', ''),
(3, 'info@wtolk.ru', 'kre654fcv12', 'info@wtolk.ru', 1, '', 1468671758, 1475080307, 1, NULL, 'manager'),
(4, 'seryak', 'rfyl''kz,h', 'misha-seryak@ya.ru', 1, '', 1467527552, 1475080307, 1, NULL, 'admin');

/*!40101 SET CHARACTER_SET_CLIENT=@OLD_CHARACTER_SET_CLIENT */;
/*!40101 SET CHARACTER_SET_RESULTS=@OLD_CHARACTER_SET_RESULTS */;
/*!40101 SET COLLATION_CONNECTION=@OLD_COLLATION_CONNECTION */;
